movie_id,title,genre,year,rating,director,cast,language,num_ratings
1,The Shawshank Redemption,Drama,1994,9.3,Frank Darabont,Tim Robbins|Morgan Freeman,English,2800000
2,The Godfather,Crime,1972,9.2,Francis Ford Coppola,Marlon Brando|Al Pacino,English,1900000
3,The Dark Knight,Action,2008,9,Christopher Nolan,Christian Bale|Heath Ledger,English,2700000
4,The Godfather Part II,Crime,1974,9,Francis Ford Coppola,Al Pacino|Robert De Niro,English,1400000
5,12 Angry Men,Drama,1957,9,Sidney Lumet,Henry Fonda|Lee J. Cobb,English,850000
6,Schindler's List,Drama,1993,8.9,Steven Spielberg,Liam Neeson|Ben Kingsley,English,1500000
7,The Lord of the Rings: The Return of the King,Fantasy,2003,8.9,Peter Jackson,Elijah Wood|Viggo Mortensen,English,1800000
8,Pulp Fiction,Crime,1994,8.9,Quentin Tarantino,John Travolta|Samuel L. Jackson,English,2100000
9,The Lord of the Rings: The Fellowship of the Ring,Fantasy,2001,8.8,Peter Jackson,Elijah Wood|Ian McKellen,English,1900000
10,The Good The Bad and The Ugly,Western,1966,8.8,Sergio Leone,Clint Eastwood|Eli Wallach,Italian,800000
11,Forrest Gump,Drama,1994,8.8,Robert Zemeckis,Tom Hanks|Robin Wright,English,2200000
12,The Lord of the Rings: The Two Towers,Fantasy,2002,8.8,Peter Jackson,Elijah Wood|Ian McKellen,English,1700000
13,Fight Club,Drama,1999,8.8,David Fincher,Brad Pitt|Edward Norton,English,2300000
14,Inception,Sci-Fi,2010,8.8,Christopher Nolan,Leonardo DiCaprio|Marion Cotillard,English,2400000
15,The Empire Strikes Back,Sci-Fi,1980,8.7,Irvin Kershner,Mark Hamill|Harrison Ford,English,1400000
16,The Matrix,Sci-Fi,1999,8.7,The Wachowskis,Keanu Reeves|Laurence Fishburne,English,1900000
17,Goodfellas,Crime,1990,8.7,Martin Scorsese,Robert De Niro|Ray Liotta,English,1200000
18,One Flew Over the Cuckoo's Nest,Drama,1975,8.7,Milos Forman,Jack Nicholson|Louise Fletcher,English,1000000
19,Se7en,Thriller,1995,8.6,David Fincher,Morgan Freeman|Brad Pitt,English,1700000
20,Seven Samurai,Action,1954,8.6,Akira Kurosawa,Toshiro Mifune|Takashi Shimura,Japanese,380000
21,The Silence of the Lambs,Thriller,1991,8.6,Jonathan Demme,Jodie Foster|Anthony Hopkins,English,1500000
22,City of God,Crime,2002,8.6,Fernando Meirelles,Alexandre Rodrigues|Leandro Firmino,Portuguese,780000
23,It's a Wonderful Life,Drama,1946,8.6,Frank Capra,James Stewart|Donna Reed,English,480000
24,Life Is Beautiful,Comedy,1997,8.6,Roberto Benigni,Roberto Benigni|Nicoletta Braschi,Italian,710000
25,The Usual Suspects,Crime,1995,8.5,Bryan Singer,Kevin Spacey|Gabriel Byrne,English,1100000
26,Léon: The Professional,Action,1994,8.5,Luc Besson,Jean Reno|Natalie Portman,English,1200000
27,Spirited Away,Animation,2001,8.6,Hayao Miyazaki,Rumi Hiiragi|Miyu Irino,Japanese,820000
28,Saving Private Ryan,War,1998,8.6,Steven Spielberg,Tom Hanks|Matt Damon,English,1400000
29,Once Upon a Time in the West,Western,1968,8.5,Sergio Leone,Henry Fonda|Charles Bronson,Italian,350000
30,American History X,Drama,1998,8.5,Tony Kaye,Edward Norton|Edward Furlong,English,1200000
31,Psycho,Horror,1960,8.5,Alfred Hitchcock,Anthony Perkins|Janet Leigh,English,680000
32,Casablanca,Romance,1942,8.5,Michael Curtiz,Humphrey Bogart|Ingrid Bergman,English,590000
33,The Green Mile,Fantasy,1999,8.6,Frank Darabont,Tom Hanks|Michael Clarke Duncan,English,1300000
34,Raiders of the Lost Ark,Adventure,1981,8.5,Steven Spielberg,Harrison Ford|Karen Allen,English,1000000
35,Rear Window,Thriller,1954,8.5,Alfred Hitchcock,James Stewart|Grace Kelly,English,520000
36,The Pianist,Biography,2002,8.5,Roman Polanski,Adrien Brody|Thomas Kretschmann,English,850000
37,Apocalypse Now,War,1979,8.4,Francis Ford Coppola,Martin Sheen|Marlon Brando,English,670000
38,Alien,Sci-Fi,1979,8.4,Ridley Scott,Sigourney Weaver|Tom Skerritt,English,880000
39,Sunset Boulevard,Drama,1950,8.4,Billy Wilder,William Holden|Gloria Swanson,English,230000
40,Dr. Strangelove,Comedy,1964,8.4,Stanley Kubrick,Peter Sellers|George C. Scott,English,490000
41,The Great Dictator,Comedy,1940,8.4,Charlie Chaplin,Charlie Chaplin|Paulette Goddard,English,240000
42,Cinema Paradiso,Romance,1988,8.5,Giuseppe Tornatore,Philippe Noiret|Enzo Cannavale,Italian,270000
43,The Lives of Others,Drama,2006,8.4,Florian Henckel von Donnersmarck,Ulrich MÃ¼he|Martina Gedeck,German,380000
44,Paths of Glory,War,1957,8.4,Stanley Kubrick,Kirk Douglas|Ralph Meeker,English,200000
45,Django Unchained,Western,2012,8.4,Quentin Tarantino,Jamie Foxx|Christoph Waltz,English,1600000
46,The Shining,Horror,1980,8.4,Stanley Kubrick,Jack Nicholson|Shelley Duvall,English,1000000
47,WALL-E,Animation,2008,8.4,Andrew Stanton,Ben Burtt|Elissa Knight,English,1100000
48,American Beauty,Drama,1999,8.3,Sam Mendes,Kevin Spacey|Annette Bening,English,1200000
49,The Dark Knight Rises,Action,2012,8.4,Christopher Nolan,Christian Bale|Tom Hardy,English,1700000
50,Princess Mononoke,Animation,1997,8.4,Hayao Miyazaki,Yoji Matsuda|Yuriko Ishida,Japanese,420000
51,Aliens,Sci-Fi,1986,8.3,James Cameron,Sigourney Weaver|Carrie Henn,English,720000
52,Oldboy,Thriller,2003,8.4,Park Chan-wook,Choi Min-sik|Yoo Ji-tae,Korean,580000
53,Once Upon a Time in America,Crime,1984,8.3,Sergio Leone,Robert De Niro|James Woods,English,350000
54,Witness for the Prosecution,Mystery,1957,8.4,Billy Wilder,Tyrone Power|Marlene Dietrich,English,130000
55,Das Boot,War,1981,8.3,Wolfgang Petersen,JÃ¼rgen Prochnow|Herbert GrÃ¶nemeyer,German,250000
56,Citizen Kane,Drama,1941,8.3,Orson Welles,Orson Welles|Joseph Cotten,English,450000
57,North by Northwest,Thriller,1959,8.3,Alfred Hitchcock,Cary Grant|Eva Marie Saint,English,340000
58,Vertigo,Thriller,1958,8.3,Alfred Hitchcock,James Stewart|Kim Novak,English,410000
59,Star Wars,Sci-Fi,1977,8.6,George Lucas,Mark Hamill|Harrison Ford,English,1400000
60,Reservoir Dogs,Crime,1992,8.3,Quentin Tarantino,Harvey Keitel|Tim Roth,English,1000000
61,Braveheart,Biography,1995,8.3,Mel Gibson,Mel Gibson|Sophie Marceau,English,1000000
62,M,Thriller,1931,8.3,Fritz Lang,Peter Lorre|Ellen Widmann,German,170000
63,Requiem for a Dream,Drama,2000,8.3,Darren Aronofsky,Ellen Burstyn|Jared Leto,English,850000
64,AmÃ©lie,Romance,2001,8.3,Jean-Pierre Jeunet,Audrey Tautou|Mathieu Kassovitz,French,780000
65,A Clockwork Orange,Crime,1971,8.3,Stanley Kubrick,Malcolm McDowell|Patrick Magee,English,870000
66,Like Stars on Earth,Drama,2007,8.4,Aamir Khan,Darsheel Safary|Aamir Khan,Hindi,200000
67,Taxi Driver,Crime,1976,8.2,Martin Scorsese,Robert De Niro|Jodie Foster,English,860000
68,Lawrence of Arabia,Adventure,1962,8.3,David Lean,Peter O'Toole|Alec Guinness,English,300000
69,Double Indemnity,Crime,1944,8.3,Billy Wilder,Fred MacMurray|Barbara Stanwyck,English,160000
70,Eternal Sunshine of the Spotless Mind,Romance,2004,8.3,Michel Gondry,Jim Carrey|Kate Winslet,English,1000000
71,Amadeus,Biography,1984,8.3,Milos Forman,F. Murray Abraham|Tom Hulce,English,400000
72,To Kill a Mockingbird,Drama,1962,8.2,Robert Mulligan,Gregory Peck|Mary Badham,English,320000
73,Toy Story 3,Animation,2010,8.2,Lee Unkrich,Tom Hanks|Tim Allen,English,850000
74,Logan,Action,2017,8.1,James Mangold,Hugh Jackman|Patrick Stewart,English,750000
75,The Sting,Comedy,1973,8.3,George Roy Hill,Paul Newman|Robert Redford,English,270000
76,2001: A Space Odyssey,Sci-Fi,1968,8.3,Stanley Kubrick,Keir Dullea|Gary Lockwood,English,680000
77,MalÃ¨na,Romance,2000,7.4,Giuseppe Tornatore,Monica Bellucci|Giuseppe Sulfaro,Italian,110000
78,The Treasure of the Sierra Madre,Adventure,1948,8.2,John Huston,Humphrey Bogart|Walter Huston,English,130000
79,Singin' in the Rain,Musical,1952,8.3,Stanley Donen,Gene Kelly|Donald O'Connor,English,250000
80,Bicycle Thieves,Drama,1948,8.3,Vittorio De Sica,Lamberto Maggiorani|Enzo Staiola,Italian,170000
81,The Kid,Comedy,1921,8.3,Charlie Chaplin,Charlie Chaplin|Jackie Coogan,English,130000
82,Inglourious Basterds,War,2009,8.3,Quentin Tarantino,Brad Pitt|Diane Kruger,English,1400000
83,Snatch,Crime,2000,8.2,Guy Ritchie,Jason Statham|Brad Pitt,English,880000
84,3 Idiots,Comedy,2009,8.4,Rajkumar Hirani,Aamir Khan|Madhavan,Hindi,400000
85,Monty Python and the Holy Grail,Comedy,1975,8.2,Terry Gilliam,Graham Chapman|John Cleese,English,540000
86,Scarface,Crime,1983,8.3,Brian De Palma,Al Pacino|Michelle Pfeiffer,English,830000
87,L.A. Confidential,Crime,1997,8.2,Curtis Hanson,Kevin Spacey|Russell Crowe,English,580000
88,The Departed,Crime,2006,8.5,Martin Scorsese,Leonardo DiCaprio|Matt Damon,English,1400000
89,For a Few Dollars More,Western,1965,8.2,Sergio Leone,Clint Eastwood|Lee Van Cleef,Italian,240000
90,The Hunt,Drama,2012,8.3,Thomas Vinterberg,Mads Mikkelsen|Thomas Bo Larsen,Danish,200000
91,1917,War,2019,8.2,Sam Mendes,George MacKay|Dean-Charles Chapman,English,580000
92,The Grand Budapest Hotel,Comedy,2014,8.1,Wes Anderson,Ralph Fiennes|F. Murray Abraham,English,900000
93,Rashomon,Crime,1950,8.2,Akira Kurosawa,Toshiro Mifune|Machiko KyÅ,Japanese,170000
94,The Apartment,Romance,1960,8.3,Billy Wilder,Jack Lemmon|Shirley MacLaine,English,180000
95,Gone with the Wind,Romance,1939,8.1,Victor Fleming,Clark Gable|Vivien Leigh,English,330000
96,The Gold Rush,Comedy,1925,8.2,Charlie Chaplin,Charlie Chaplin|Mack Swain,English,120000
97,Chinatown,Mystery,1974,8.2,Roman Polanski,Jack Nicholson|Faye Dunaway,English,330000
98,The Secret in Their Eyes,Crime,2009,8.2,Juan JosÃ© Campanella,Ricardo DarÃ­n|Soledad Villamil,Spanish,210000
99,The Bridge on the River Kwai,War,1957,8.1,David Lean,William Holden|Alec Guinness,English,220000
100,The Third Man,Thriller,1949,8.1,Carol Reed,Joseph Cotten|Alida Valli,English,180000
101,Parasite,Thriller,2019,8.6,Bong Joon-ho,Song Kang-ho|Lee Sun-kyun,Korean,750000
102,Whiplash,Drama,2014,8.5,Damien Chazelle,Miles Teller|J.K. Simmons,English,890000
103,The Prestige,Mystery,2006,8.5,Christopher Nolan,Christian Bale|Hugh Jackman,English,1300000
104,Gladiator,Action,2000,8.5,Ridley Scott,Russell Crowe|Joaquin Phoenix,English,1500000
105,The Lion King,Animation,1994,8.5,Roger Allers,Matthew Broderick|Jeremy Irons,English,1100000
106,Terminator 2: Judgment Day,Sci-Fi,1991,8.5,James Cameron,Arnold Schwarzenegger|Linda Hamilton,English,1100000
107,Back to the Future,Sci-Fi,1985,8.5,Robert Zemeckis,Michael J. Fox|Christopher Lloyd,English,1200000
108,Apocalypse Now Redux,War,1979,8.4,Francis Ford Coppola,Martin Sheen|Marlon Brando,English,120000
109,The Pianist,Drama,2002,8.5,Roman Polanski,Adrien Brody|Emilia Fox,English,850000
110,Memento,Mystery,2000,8.4,Christopher Nolan,Guy Pearce|Carrie-Anne Moss,English,1300000
111,The Great Escape,Adventure,1963,8.2,John Sturges,Steve McQueen|James Garner,English,240000
112,Raging Bull,Biography,1980,8.2,Martin Scorsese,Robert De Niro|Cathy Moriarty,English,360000
113,Unforgiven,Western,1992,8.2,Clint Eastwood,Clint Eastwood|Gene Hackman,English,410000
114,Jaws,Thriller,1975,8,Steven Spielberg,Roy Scheider|Robert Shaw,English,630000
115,Die Hard,Action,1988,8.2,John McTiernan,Bruce Willis|Alan Rickman,English,860000
116,Blade Runner,Sci-Fi,1982,8.1,Ridley Scott,Harrison Ford|Rutger Hauer,English,780000
117,Heat,Crime,1995,8.2,Michael Mann,Al Pacino|Robert De Niro,English,650000
118,The Big Lebowski,Comedy,1998,8.1,Joel Coen,Jeff Bridges|John Goodman,English,830000
119,On the Waterfront,Crime,1954,8.1,Elia Kazan,Marlon Brando|Karl Malden,English,160000
120,Mr. Smith Goes to Washington,Drama,1939,8.1,Frank Capra,James Stewart|Jean Arthur,English,120000
121,The Seventh Seal,Drama,1957,8.1,Ingmar Bergman,Max von Sydow|Gunnar BjÃ¶rnstrand,Swedish,190000
122,Howl's Moving Castle,Animation,2004,8.2,Hayao Miyazaki,Chieko Baisho|Takuya Kimura,Japanese,420000
123,Grave of the Fireflies,Animation,1988,8.5,Isao Takahata,Tsutomu Tatsumi|Ayano Shiraishi,Japanese,280000
125,A Fistful of Dollars,Western,1964,7.9,Sergio Leone,Clint Eastwood|Gian Maria VolontÃ©,Italian,220000
126,Some Like It Hot,Comedy,1959,8.2,Billy Wilder,Marilyn Monroe|Tony Curtis,English,270000
127,All About Eve,Drama,1950,8.2,Joseph L. Mankiewicz,Bette Davis|Anne Baxter,English,140000
128,The Wizard of Oz,Fantasy,1939,8,Victor Fleming,Judy Garland|Frank Morgan,English,410000
129,The Maltese Falcon,Crime,1941,7.9,John Huston,Humphrey Bogart|Mary Astor,English,170000
130,Rope,Thriller,1948,7.9,Alfred Hitchcock,Jimmy Stewart|John Dall,English,150000
131,Dial M for Murder,Crime,1954,8.2,Alfred Hitchcock,Ray Milland|Grace Kelly,English,180000
132,The Birds,Horror,1963,7.7,Alfred Hitchcock,Tippi Hedren|Rod Taylor,English,200000
133,Notorious,Thriller,1946,8,Alfred Hitchcock,Cary Grant|Ingrid Bergman,English,100000
134,Spellbound,Mystery,1945,7.5,Alfred Hitchcock,Ingrid Bergman|Gregory Peck,English,50000
135,Rebecca,Thriller,1940,8.1,Alfred Hitchcock,Laurence Olivier|Joan Fontaine,English,130000
136,The 39 Steps,Thriller,1935,7.6,Alfred Hitchcock,Robert Donat|Madeleine Carroll,English,60000
137,Strangers on a Train,Thriller,1951,8,Alfred Hitchcock,Farley Granger|Robert Walker,English,140000
138,Shadow of a Doubt,Thriller,1943,7.8,Alfred Hitchcock,Teresa Wright|Joseph Cotten,English,70000
139,Lifeboat,Drama,1944,7.6,Alfred Hitchcock,Tallulah Bankhead|William Bendix,English,30000
140,Torn Curtain,Thriller,1966,6.6,Alfred Hitchcock,Paul Newman|Julie Andrews,English,25000
141,Marnie,Crime,1964,7.1,Alfred Hitchcock,Tippi Hedren|Sean Connery,English,40000
142,Frenzy,Thriller,1972,7.4,Alfred Hitchcock,Jon Finch|Barry Foster,English,45000
143,Topaz,Thriller,1969,6.2,Alfred Hitchcock,Frederick Stafford|Dany Robin,English,15000
144,Family Plot,Comedy,1976,6.8,Alfred Hitchcock,Karen Black|Bruce Dern,English,18000
145,The Trouble with Harry,Comedy,1955,7,Alfred Hitchcock,John Forsythe|Shirley MacLaine,English,25000
146,I Confess,Crime,1953,7.2,Alfred Hitchcock,Montgomery Clift|Anne Baxter,English,22000
147,The Wrong Man,Drama,1956,7.4,Alfred Hitchcock,Henry Fonda|Vera Miles,English,28000
148,Under Capricorn,Crime,1949,6.2,Alfred Hitchcock,Ingrid Bergman|Joseph Cotten,English,12000
149,Stage Fright,Film-Noir,1950,7,Alfred Hitchcock,Jane Wyman|Marlene Dietrich,English,18000
150,The Paradine Case,Crime,1947,6.4,Alfred Hitchcock,Gregory Peck|Ann Todd,English,15000
151,Titanic,Romance,1997,7.8,James Cameron,Leonardo DiCaprio|Kate Winslet,English,1200000
152,Avatar,Sci-Fi,2009,7.8,James Cameron,Sam Worthington|Zoe Saldana,English,1300000
153,Avengers: Endgame,Action,2019,8.4,Anthony Russo,Robert Downey Jr.|Chris Evans,English,1000000
154,Spider-Man: Into the Spider-Verse,Animation,2018,8.4,Bob Persichetti,Shameik Moore|Jake Johnson,English,480000
155,Coco,Animation,2017,8.4,Lee Unkrich,Anthony Gonzalez|Gael GarcÃ­a Bernal,English,520000
156,Inside Out,Animation,2015,8.1,Pete Docter,Amy Poehler|Phyllis Smith,English,680000
157,Zootopia,Animation,2016,8,Byron Howard,Ginnifer Goodwin|Jason Bateman,English,520000
158,Moana,Animation,2016,7.6,Ron Clements,Auli'i Cravalho|Dwayne Johnson,English,340000
159,Frozen,Animation,2013,7.4,Chris Buck,Kristen Bell|Idina Menzel,English,640000
160,Toy Story,Animation,1995,8.3,John Lasseter,Tom Hanks|Tim Allen,English,980000
161,Toy Story 2,Animation,1999,7.9,John Lasseter,Tom Hanks|Tim Allen,English,600000
162,Finding Nemo,Animation,2003,8.1,Andrew Stanton,Albert Brooks|Ellen DeGeneres,English,1000000
163,Monsters Inc.,Animation,2001,8.1,Pete Docter,John Goodman|Billy Crystal,English,880000
164,The Incredibles,Animation,2004,8,Brad Bird,Craig T. Nelson|Holly Hunter,English,720000
165,Up,Animation,2009,8.2,Pete Docter,Ed Asner|Christopher Plummer,English,1100000
166,Ratatouille,Animation,2007,8,Brad Bird,Patton Oswalt|Ian Holm,English,720000
167,Cars,Animation,2006,7.1,John Lasseter,Owen Wilson|Paul Newman,English,440000
168,A Bug's Life,Animation,1998,7.2,John Lasseter,Dave Foley|Kevin Spacey,English,280000
169,Brave,Animation,2012,7.1,Mark Andrews,Kelly Macdonald|Billy Connolly,English,450000
170,The Good Dinosaur,Animation,2015,6.7,Peter Sohn,Jeffrey Wright|Frances McDormand,English,200000
171,Onward,Animation,2020,7.4,Dan Scanlon,Tom Holland|Chris Pratt,English,240000
172,Soul,Animation,2020,8,Pete Docter,Jamie Foxx|Tina Fey,English,320000
173,Luca,Animation,2021,7.4,Enrico Casarosa,Jacob Tremblay|Jack Dylan Grazer,English,210000
174,Turning Red,Animation,2022,7,Domee Shi,Rosalie Chiang|Sandra Oh,English,180000
175,Lightyear,Animation,2022,5.1,Angus MacLane,Chris Evans|Keke Palmer,English,120000
176,Elemental,Animation,2023,7,Peter Sohn,Leah Lewis|Mamoudou Athie,English,95000
177,The Fast and the Furious,Action,2001,6.8,Rob Cohen,Vin Diesel|Paul Walker,English,380000
178,Fast Five,Action,2011,7.3,Justin Lin,Vin Diesel|Paul Walker,English,400000
179,Furious 7,Action,2015,7.1,James Wan,Vin Diesel|Paul Walker,English,390000
180,The Fate of the Furious,Action,2017,6.6,F. Gary Gray,Vin Diesel|Jason Statham,English,240000
181,Fast & Furious Presents: Hobbs & Shaw,Action,2019,6.5,David Leitch,Dwayne Johnson|Jason Statham,English,250000
182,F9,Action,2021,5.2,Justin Lin,Vin Diesel|Michelle Rodriguez,English,150000
183,Fast X,Action,2023,5.8,Louis Leterrier,Vin Diesel|Michelle Rodriguez,English,120000
184,John Wick,Action,2014,7.4,Chad Stahelski,Keanu Reeves|Michael Nyqvist,English,650000
185,John Wick: Chapter 2,Action,2017,7.4,Chad Stahelski,Keanu Reeves|Riccardo Scamarcio,English,520000
186,John Wick: Chapter 3 - Parabellum,Action,2019,7.4,Chad Stahelski,Keanu Reeves|Halle Berry,English,480000
187,John Wick: Chapter 4,Action,2023,7.7,Chad Stahelski,Keanu Reeves|Donnie Yen,English,380000
188,Mad Max: Fury Road,Action,2015,8.1,George Miller,Tom Hardy|Charlize Theron,English,950000
189,The Raid,Action,2011,7.6,Gareth Evans,Iko Uwais|Ananda George,Indonesian,220000
190,The Raid 2,Action,2014,7.9,Gareth Evans,Iko Uwais|Arifin Putra,Indonesian,180000
191,Dredd,Action,2012,7.1,Pete Travis,Karl Urban|Olivia Thirlby,English,280000
192,Atomic Blonde,Action,2017,6.7,David Leitch,Charlize Theron|James McAvoy,English,200000
193,Nobody,Action,2021,7.4,Ilya Naishuller,Bob Odenkirk|Aleksey Serebryakov,English,260000
194,The Equalizer,Action,2014,7.2,Antoine Fuqua,Denzel Washington|Marton Csokas,English,380000
195,The Equalizer 2,Action,2018,6.7,Antoine Fuqua,Denzel Washington|Pedro Pascal,English,220000
196,The Equalizer 3,Action,2023,6.8,Antoine Fuqua,Denzel Washington|Dakota Fanning,English,150000
197,Taken,Action,2008,7.8,Pierre Morel,Liam Neeson|Maggie Grace,English,580000
198,Taken 2,Action,2012,6.2,Olivier Megaton,Liam Neeson|Maggie Grace,English,280000
199,Taken 3,Action,2014,6,Olivier Megaton,Liam Neeson|Forest Whitaker,English,200000
200,Mission: Impossible,Action,1996,7.1,Brian De Palma,Tom Cruise|Jon Voight,English,440000
201,Mission: Impossible 2,Action,2000,6.1,John Woo,Tom Cruise|Dougray Scott,English,360000
202,Mission: Impossible III,Action,2006,6.9,J.J. Abrams,Tom Cruise|Philip Seymour Hoffman,English,380000
203,Mission: Impossible - Ghost Protocol,Action,2011,7.4,Brad Bird,Tom Cruise|Jeremy Renner,English,520000
204,Mission: Impossible - Rogue Nation,Action,2015,7.4,Christopher McQuarrie,Tom Cruise|Henry Cavill,English,480000
205,Mission: Impossible - Fallout,Action,2018,7.7,Christopher McQuarrie,Tom Cruise|Henry Cavill,English,440000
206,Mission: Impossible - Dead Reckoning Part One,Action,2023,7.7,Christopher McQuarrie,Tom Cruise|Hayley Atwell,English,280000
207,Top Gun,Action,1986,6.9,Tony Scott,Tom Cruise|Kelly McGillis,English,330000
208,Top Gun: Maverick,Action,2022,8.2,Joseph Kosinski,Tom Cruise|Miles Teller,English,680000
209,Edge of Tomorrow,Sci-Fi,2014,7.9,Doug Liman,Tom Cruise|Emily Blunt,English,650000
210,Dangal,Drama,2016,8.4,Nitesh Tiwari,Aamir Khan|Sakshi Tanwar,Hindi,280000
211,3 Idiots,Comedy,2009,8.4,Rajkumar Hirani,Aamir Khan|R. Madhavan|Sharman Joshi,Hindi,420000
212,Taare Zameen Par,Drama,2007,8.4,Aamir Khan,Aamir Khan|Darsheel Safary,Hindi,200000
213,Spirited Away,Animation,2001,9.3,Hayao Miyazaki,Rumi Hiiragi|Miyu Irino,Japanese,780000
214,Your Name,Animation,2016,8.2,Makoto Shinkai,Ryunosuke Kamiki|Mone Kamishiraishi,Japanese,320000
216,Lagaan,Drama,2001,8.1,Ashutosh Gowariker,Aamir Khan|Gracy Singh,Hindi,130000
217,Zindagi Na Milegi Dobara,Adventure,2011,8.2,Zoya Akhtar,Hrithik Roshan|Farhan Akhtar|Abhay Deol,Hindi,180000
218,Queen,Comedy,2013,8.2,Vikas Bahl,Kangana Ranaut|Rajkummar Rao,Hindi,95000
219,Pink,Drama,2016,8.1,Aniruddha Roy Chowdhury,Amitabh Bachchan|Taapsee Pannu,Hindi,85000
220,Anand,Drama,1971,8.1,Hrishikesh Mukherjee,Rajesh Khanna|Amitabh Bachchan,Hindi,45000
221,Mughal-E-Azam,Romance,1960,8,K. Asif,Prithviraj Kapoor|Madhubala|Dilip Kumar,Hindi,28000
222,Mother India,Drama,1957,7.9,Mehboob Khan,Nargis|Sunil Dutt|Rajendra Kumar,Hindi,15000
223,Akira,Animation,1988,8,Katsuhiro Otomo,Mitsuo Iwata|Nozomu Sasaki,Japanese,190000
224,Ghost in the Shell,Animation,1995,8,Mamoru Oshii,Atsuko Tanaka|Koichi Yamadera,Japanese,150000
225,My Neighbor Totoro,Animation,1988,8.2,Hayao Miyazaki,Noriko Hidaka|Chika Sakamoto,Japanese,350000
226,Castle in the Sky,Animation,1986,8,Hayao Miyazaki,Mayumi Tanaka|Keiko Yokozawa,Japanese,180000
229,The Wind Rises,Animation,2013,7.8,Hayao Miyazaki,Hideaki Anno|Miori Takimoto,Japanese,150000
230,Perfect Blue,Animation,1997,8,Satoshi Kon,Junko Iwao|Rica Matsumoto,Japanese,95000
231,Paprika,Animation,2006,7.7,Satoshi Kon,Megumi Hayashibara|Koichi Yamadera,Japanese,78000
232,Tokyo Story,Drama,1953,8.2,Yasujiro Ozu,Chishu Ryu|Chieko Higashiyama,Japanese,62000
233,Sholay,Action,1975,8.1,Ramesh Sippy,Dharmendra|Amitabh Bachchan|Hema Malini,Hindi,85000
234,Dil Chahta Hai,Romance,2001,8.1,Farhan Akhtar,Aamir Khan|Saif Ali Khan|Akshaye Khanna,Hindi,75000
235,Rang De Basanti,Drama,2006,8.1,Rakeysh Omprakash Mehra,Aamir Khan|Soha Ali Khan,Hindi,95000
236,Gully Boy,Drama,2019,7.9,Zoya Akhtar,Ranveer Singh|Alia Bhatt,Hindi,85000
237,Article 15,Drama,2019,8.1,Anubhav Sinha,Ayushmann Khurrana|Nassar,Hindi,65000
238,Tumhari Sulu,Comedy,2017,7.1,Suresh Triveni,Vidya Balan|Manav Kaul,Hindi,28000
239,Hindi Medium,Comedy,2017,7.9,Saket Chaudhary,Irrfan Khan|Saba Qamar,Hindi,52000
240,Newton,Drama,2017,7.8,Amit Masurkar,Rajkummar Rao|Pankaj Tripathi,Hindi,35000
241,Masaan,Drama,2015,8.1,Neeraj Ghaywan,Richa Chadha|Vicky Kaushal,Hindi,42000
242,The Lunchbox,Romance,2013,7.8,Ritesh Batra,Irrfan Khan|Nimrat Kaur,Hindi,58000
243,Kahaani,Thriller,2012,8.1,Sujoy Ghosh,Vidya Balan|Parambrata Chatterjee,Hindi/Bengali,68000
244,Paan Singh Tomar,Biography,2012,8.2,Tigmanshu Dhulia,Irrfan Khan|Mahie Gill,Hindi,32000
245,Rockstar,Romance,2011,7.8,Imtiaz Ali,Ranbir Kapoor|Nargis Fakhri,Hindi,85000
246,Udaan,Drama,2010,8.1,Vikramaditya Motwane,Rajat Barmecha|Ronit Roy,Hindi,28000
247,Dev.D,Romance,2009,7.9,Anurag Kashyap,Abhay Deol|Kalki Koechlin,Hindi,35000
248,Iqbal,Drama,2005,8.1,Nagesh Kukunoor,Shreyas Talpade|Naseeruddin Shah,Hindi,18000
249,Swades,Drama,2004,8.2,Ashutosh Gowariker,Shah Rukh Khan|Gayatri Joshi,Hindi,95000
250,Haider,Drama,2014,8.1,Vishal Bhardwaj,Shahid Kapoor|Shraddha Kapoor,Hindi,52000
251,Gangs of Wasseypur,Crime,2012,8.2,Anurag Kashyap,Manoj Bajpayee|Nawazuddin Siddiqui,Hindi,95000
252,Barfi!,Romance,2012,8.1,Anurag Basu,Ranbir Kapoor|Priyanka Chopra,Hindi,85000
253,Attack on Titan: Crimson Bow and Arrow,Animation,2014,7.6,Tetsuro Araki,Mari Shimizu|Yuki Kaji,Japanese,15000
254,One Piece: Strong World,Animation,2009,8,Munehisa Sakai,Mayumi Tanaka|Akemi Okamura,Japanese,25000
255,Dragon Ball Z: Battle of Gods,Animation,2013,7.1,Masahiro Hosoda,Masako Nozawa|Ryo Horikawa,Japanese,35000
256,Naruto: The Last,Animation,2014,7.8,Tsuneo Kobayashi,Junko Takeuchi|Nana Mizuki,Japanese,28000
257,Death Note: Light Up the New World,Drama,2016,6.1,Shinsuke Sato,Masahiro Higashide|Sosuke Ikematsu,Japanese,12000
258,Rurouni Kenshin,Action,2012,7.4,Keishi Otomo,Takeru Satoh|Emi Takei,Japanese,48000
259,Your Name Engraved Herein,Romance,2020,7.3,Patrick Liu,Edward Chen|Jing-Hua Tseng,Mandarin,15000
260,Weathering with You,Animation,2019,7.5,Makoto Shinkai,Kotaro Daigo|Nana Mori,Japanese,85000
261,A Silent Voice,Animation,2016,8.1,Naoko Yamada,Miyu Irino|Saori Hayami,Japanese,180000
262,Wolf Children,Animation,2012,8.1,Mamoru Hosoda,Aoi Miyazaki|Takao Osawa,Japanese,95000
263,The Girl Who Leapt Through Time,Animation,2006,7.7,Mamoru Hosoda,Riisa Naka|Takuya Ishida,Japanese,68000
264,Summer Wars,Animation,2009,7.4,Mamoru Hosoda,Ryunosuke Kamiki|Nanami Sakuraba,Japanese,42000
265,5 Centimeters Per Second,Animation,2007,7.6,Makoto Shinkai,Kenji Mizuhashi|Yoshimi Kondou,Japanese,95000
266,Garden of Words,Animation,2013,7.4,Makoto Shinkai,Miyu Irino|Kana Hanazawa,Japanese,85000
267,Redline,Animation,2009,7.5,Takeshi Koike,Takuya Kimura|Megumi Hayashibara,Japanese,32000
268,Mind Game,Animation,2004,7.8,Masaaki Yuasa,Koji Imada|Sayaka Maeda,Japanese,12000
269,The Tale of Princess Kaguya,Animation,2013,8,Isao Takahata,Aki Asakura|Kengo Kora,Japanese,58000
270,Only Yesterday,Animation,1991,7.6,Isao Takahata,Miki Imai|Toshiro Yanagiba,Japanese,28000
271,Whisper of the Heart,Animation,1995,7.8,Yoshifumi Kondo,Yoko Honna|Issey Takahashi,Japanese,95000
272,From Up on Poppy Hill,Animation,2011,7.4,Goro Miyazaki,Masami Nagasawa|Junichi Okada,Japanese,68000
273,Ponyo,Animation,2008,7.7,Hayao Miyazaki,Yuria Nara|Hiroki Doi,Japanese,185000
274,Kiki's Delivery Service,Animation,1989,7.9,Hayao Miyazaki,Minami Takayama|Rei Sakuma,Japanese,158000
275,Nausicaä of the Valley of the Wind,Animation,1984,8,Hayao Miyazaki,Sumi Shimamoto|Mahito Tsujimura,Japanese,175000
276,Porco Rosso,Animation,1992,7.7,Hayao Miyazaki,Shuichiro Moriyama|Tokiko Kato,Japanese,125000
277,The Secret World of Arrietty,Animation,2010,7.6,Hiromasa Yonebayashi,Mirai Shida|Ryunosuke Kamiki,Japanese,85000
278,When Marnie Was There,Animation,2014,7.7,Hiromasa Yonebayashi,Sara Takatsuki|Kasumi Arimura,Japanese,42000
279,Barefoot Gen,Animation,1983,8,Mori Masaki,Issei Miyazaki|Catherine Battistone,Japanese,18000
280,Jin-Roh: The Wolf Brigade,Animation,1999,7.4,Hiroyuki Okiura,Yoshikazu Fujiki|Sumi Mutoh,Japanese,28000
281,Millennium Actress,Animation,2001,7.8,Satoshi Kon,Miyoko Shoji|Shozo Iizuka,Japanese,35000
282,Tokyo Godfathers,Animation,2003,7.8,Satoshi Kon,Toru Emori|Yoshiaki Umegaki,Japanese,48000
283,Belladonna of Sadness,Animation,1973,7.4,Eiichi Yamamoto,Aiko Nagayama|Katsutaka Ito,Japanese,8500
284,Night Is Short Walk on Girl,Animation,2017,7.6,Masaaki Yuasa,Gen Hoshino|Kana Hanazawa,Japanese,15000
285,Lu Over the Wall,Animation,2017,6.9,Masaaki Yuasa,Kanon Tani|Shota Shimoda,Japanese,8200
286,Maquia: When the Promised Flower Blooms,Animation,2018,7.4,Mari Okada,Manaka Iwami|Miyu Irino,Japanese,12000
287,Liz and the Blue Bird,Animation,2018,7,Naoko Yamada,Atsumi Tanezaki|Nao Toyama,Japanese,5800
288,Promare,Animation,2019,7.1,Hiroyuki Imaishi,Kenichi Matsuyama|Taichi Saotome,Japanese,18000
289,Demon Slayer: Mugen Train,Animation,2020,8.2,Haruo Sotozaki,Natsuki Hanae|Satomi Sato,Japanese,185000
290,Jujutsu Kaisen 0,Animation,2021,7.8,Sunghoo Park,Megumi Ogata|Kana Hanazawa,Japanese,65000
291,Belle,Animation,2021,7,Mamoru Hosoda,Kaho Nakamura|Ryo Narita,Japanese,28000
292,Evangelion 3.0+1.0,Animation,2021,8,Hideaki Anno,Megumi Ogata|Kotono Mitsuishi,Japanese,42000
293,Baahubali: The Beginning,Action,2015,8,S.S. Rajamouli,Prabhas|Rana Daggubati,Telugu/Tamil,285000
294,Baahubali 2: The Conclusion,Action,2017,8.2,S.S. Rajamouli,Prabhas|Rana Daggubati,Telugu/Tamil,320000
295,KGF: Chapter 1,Action,2018,8.2,Prashanth Neel,Yash|Srinidhi Shetty,Kannada,185000
296,KGF: Chapter 2,Action,2022,8.3,Prashanth Neel,Yash|Sanjay Dutt,Kannada,285000
297,RRR,Action,2022,7.9,S.S. Rajamouli,N.T. Rama Rao Jr.|Ram Charan,Telugu,185000
298,Pushpa: The Rise,Action,2021,7.6,Sukumar,Allu Arjun|Rashmika Mandanna,Telugu,150000
299,Arjun Reddy,Romance,2017,8.1,Sandeep Reddy Vanga,Vijay Deverakonda|Shalini Pandey,Telugu,85000
300,Geetha Govindam,Romance,2018,7.7,Parasuram,Vijay Deverakonda|Rashmika Mandanna,Telugu,52000
301,Fidaa,Romance,2017,7.8,Sekhar Kammula,Varun Tej|Sai Pallavi,Telugu,35000
302,Premam,Romance,2015,8.3,Alphonse Puthren,Nivin Pauly|Sai Pallavi,Malayalam,85000
303,Bangalore Days,Comedy,2014,8.3,Anjali Menon,Dulquer Salmaan|Nivin Pauly,Malayalam,68000
304,Kumbakonam Gopals,Comedy,2015,8,Sooraj Barjatya,Dulquer Salmaan|Nazriya Nazim,Malayalam,42000
305,Drishyam,Thriller,2013,8.6,Jeethu Joseph,Mohanlal|Meena,Malayalam,95000
306,Ustad Hotel,Drama,2012,8.2,Anwar Rasheed,Dulquer Salmaan|Nithya Menen,Malayalam,35000
307,Maheshinte Prathikaram,Comedy,2016,7.8,Dileesh Pothan,Fahadh Faasil|Aparna Balamurali,Malayalam,28000
308,Thondimuthalum Driksakshiyum,Comedy,2017,8.4,Dileesh Pothan,Fahadh Faasil|Suraj Venjaramoodu,Malayalam,18000
309,Angamaly Diaries,Crime,2017,7.8,Lijo Jose Pellissery,Antony Varghese|Anna Reshma Rajan,Malayalam,22000
310,Ee.Ma.Yau,Drama,2018,8,Lijo Jose Pellissery,Chemban Vinod Jose|Pauly Valsan,Malayalam,12000
311,Jallikattu,Thriller,2019,7.1,Lijo Jose Pellissery,Antony Varghese|Chemban Vinod Jose,Malayalam,28000
312,The Great Indian Kitchen,Drama,2021,8.3,Jeo Baby,Nimisha Sajayan|Suraj Venjaramoodu,Malayalam,42000
313,Minnal Murali,Superhero,2021,7.8,Basil Joseph,Tovino Thomas|Guru Somasundaram,Malayalam,58000
314,Jai Bhim,Drama,2021,8.8,T. J. Gnanavel,Suriya|Lijomol Jose,Tamil,185000
315,Super Deluxe,Drama,2019,8.3,Thiagarajan Kumararaja,Vijay Sethupathi|Fahadh Faasil,Tamil,52000
316,96,Romance,2018,8.5,C. Prem Kumar,Vijay Sethupathi|Trisha,Tamil,85000
317,Kaaka Muttai,Drama,2014,8.4,M. Manikandan,J. Vignesh|Ramesh,Tamil,18000
318,Visaranai,Crime,2015,8.1,Vetrimaaran,Dinesh|Anandhi,Tamil,22000
319,Asuran,Action,2019,8.4,Vetrimaaran,Dhanush|Manju Warrier,Tamil,68000
320,Karnan,Drama,2021,8,Mari Selvaraj,Dhanush|Rajisha Vijayan,Tamil,52000
321,Soorarai Pottru,Drama,2020,8.7,Sudha Kongara,Suriya|Aparna Balamurali,Tamil,125000
322,Vikram Vedha,Crime,2017,8.4,Pushkar-Gayathri,R. Madhavan|Vijay Sethupathi,Tamil,85000
323,Thani Oruvan,Thriller,2015,8.3,Mohan Raja,Jayam Ravi|Arvind Swami,Tamil,52000
324,Ratsasan,Thriller,2018,8.3,Ram Kumar,Vishnu Vishal|Amala Paul,Tamil,68000
325,Joker,Thriller,2016,7.8,Raju Murugan,Guru Somasundaram|Ramya Pandian,Tamil,15000
326,Pariyerum Perumal,Drama,2018,8.5,Mari Selvaraj,Kathir|Anandhi,Tamil,28000
327,Peranbu,Drama,2018,8.6,Ram,Mammootty|Sadhana,Tamil,12000
328,Mersal,Action,2017,7.4,Atlee,Vijay|Kajal Agarwal,Tamil,85000
329,Master,Action,2021,7.3,Lokesh Kanagaraj,Vijay|Vijay Sethupathi,Tamil,125000
330,Kaithi,Action,2019,8.4,Lokesh Kanagaraj,Karthi|Narain,Tamil,68000
331,Bigil,Sports,2019,7.3,Atlee,Vijay|Nayanthara,Tamil,95000
332,Sarkar,Political,2018,6.9,A.R. Murugadoss,Vijay|Keerthy Suresh,Tamil,68000
334,Toilet: Ek Prem Katha,Comedy,2017,7.2,Shree Narayan Singh,Akshay Kumar|Bhumi Pednekar,Hindi,58000
335,Shubh Mangal Saavdhan,Comedy,2017,7.2,R.S. Prasanna,Ayushmann Khurrana|Bhumi Pednekar,Hindi,32000
336,Badhaai Ho,Comedy,2018,7.9,Amit Sharma,Ayushmann Khurrana|Sanya Malhotra,Hindi,68000
337,AndhaDhun,Thriller,2018,8.2,Sriram Raghavan,Ayushmann Khurrana|Tabu,Hindi,185000
338,Stree,Comedy,2018,7.5,Amar Kaushik,Rajkummar Rao|Shraddha Kapoor,Hindi,95000
339,Bala,Comedy,2019,7.3,Amar Kaushik,Ayushmann Khurrana|Bhumi Pednekar,Hindi,52000
340,Dream Girl,Comedy,2019,6.6,Raaj Shaandilyaa,Ayushmann Khurrana|Nushrat Bharucha,Hindi,42000
341,Shubh Mangal Zyada Saavdhan,Comedy,2020,5.7,Hitesh Kewalya,Ayushmann Khurrana|Jitendra Kumar,Hindi,28000
342,Bareilly Ki Barfi,Romance,2017,7.5,Ashwiny Iyer Tiwari,Kriti Sanon|Ayushmann Khurrana,Hindi,35000
343,Nil Battey Sannata,Drama,2015,8.2,Ashwiny Iyer Tiwari,Swara Bhaskar|Ratna Pathak Shah,Hindi,18000
344,Panga,Sports,2020,7.2,Ashwiny Iyer Tiwari,Kangana Ranaut|Jassie Gill,Hindi,22000
345,Chhapaak,Drama,2020,7.2,Meghna Gulzar,Deepika Padukone|Vikrant Massey,Hindi,28000
346,Raazi,Thriller,2018,7.6,Meghna Gulzar,Alia Bhatt|Vicky Kaushal,Hindi,85000
347,Talvar,Crime,2015,8.1,Meghna Gulzar,Irrfan Khan|Konkona Sen Sharma,Hindi,42000
348,Neerja,Biography,2016,7.6,Ram Madhvani,Sonam Kapoor|Shabana Azmi,Hindi,52000
349,Airlift,Thriller,2016,7.9,Raja Krishna Menon,Akshay Kumar|Nimrat Kaur,Hindi,68000
350,Special 26,Crime,2013,8.1,Neeraj Pandey,Akshay Kumar|Anupam Kher,Hindi,85000
351,Baby,Action,2015,7.9,Neeraj Pandey,Akshay Kumar|Taapsee Pannu,Hindi,68000
352,M.S. Dhoni: The Untold Story,Biography,2016,7.9,Neeraj Pandey,Sushant Singh Rajput|Disha Patani,Hindi,95000
353,Chhichhore,Comedy,2019,8.3,Nitesh Tiwari,Sushant Singh Rajput|Shraddha Kapoor,Hindi,185000
354,Super 30,Biography,2019,7.9,Vikas Bahl,Hrithik Roshan|Mrunal Thakur,Hindi,125000
355,War,Action,2019,6.5,Siddharth Anand,Hrithik Roshan|Tiger Shroff,Hindi,125000
356,Zindagi Na Milegi Dobara,Adventure,2011,8.2,Zoya Akhtar,Hrithik Roshan|Farhan Akhtar,Hindi,180000
357,Dil Dhadakne Do,Drama,2015,7,Zoya Akhtar,Priyanka Chopra|Ranveer Singh,Hindi,68000
358,The Sky Is Pink,Drama,2019,7.4,Shonali Bose,Priyanka Chopra|Farhan Akhtar,Hindi,32000
359,Margarita with a Straw,Drama,2014,7.2,Shonali Bose,Kalki Koechlin|Revathi,Hindi,12000
360,Lipstick Under My Burkha,Drama,2016,7.1,Alankrita Shrivastava,Konkona Sen Sharma|Ratna Pathak,Hindi,18000
361,Dolly Kitty Aur Woh Chamakte Sitare,Drama,2019,6.1,Alankrita Shrivastava,Konkona Sen Sharma|Bhumi Pednekar,Hindi,8500
362,Thappad,Drama,2020,7.1,Anubhav Sinha,Taapsee Pannu|Pavail Gulati,Hindi,32000
363,Mulk,Drama,2018,7.3,Anubhav Sinha,Rishi Kapoor|Taapsee Pannu,Hindi,18000
364,Shahid,Biography,2012,8.2,Hansal Mehta,Rajkummar Rao|Prabhleen Sandhu,Hindi,28000
365,Citylights,Drama,2014,7.9,Hansal Mehta,Rajkummar Rao|Patralekha,Hindi,22000
366,Aligarh,Biography,2015,7.8,Hansal Mehta,Manoj Bajpayee|Rajkummar Rao,Hindi,12000
367,Omerta,Biography,2017,7.1,Hansal Mehta,Rajkummar Rao|Rajesh Tailang,Hindi,8200
368,Scam 1992,Crime,2020,9.6,Hansal Mehta,Pratik Gandhi|Shreya Dhanwanthary,Hindi,425000
369,The Family Man,Action,2019,8.7,Raj Nidimoru,Manoj Bajpayee|Priyamani,Hindi,185000
370,Sacred Games,Crime,2018,8.6,Anurag Kashyap,Saif Ali Khan|Nawazuddin Siddiqui,Hindi,285000
371,Delhi Crime,Crime,2019,8.5,Richie Mehta,Shefali Shah|Rasika Dugal,Hindi,125000
372,Arya,Romance,2004,7.9,Sukumar,Allu Arjun|Anu Mehta,Telugu,52000
373,Magadheera,Action,2009,7.7,S.S. Rajamouli,Ram Charan|Kajal Agarwal,Telugu,68000
374,Eega,Fantasy,2012,7.9,S.S. Rajamouli,Nani|Samantha Ruth Prabhu,Telugu,85000
375,Temper,Action,2015,7.1,Puri Jagannadh,N.T. Rama Rao Jr.|Kajal Agarwal,Telugu,42000
376,Janatha Garage,Action,2016,7.1,Koratala Siva,N.T. Rama Rao Jr.|Samantha,Telugu,68000
377,Rangasthalam,Drama,2018,8.2,Sukumar,Ram Charan|Samantha Ruth Prabhu,Telugu,95000
378,Jersey,Sports,2019,8.4,Gowtam Tinnanuri,Nani|Shraddha Srinath,Telugu,68000
379,Maharshi,Drama,2019,7.4,Vamshi Paidipally,Mahesh Babu|Pooja Hegde,Telugu,52000
380,Sarileru Neekevvaru,Action,2020,5.9,Anil Ravipudi,Mahesh Babu|Rashmika Mandanna,Telugu,42000
381,Spirited Away,Fantasy,2001,9.3,Hayao Miyazaki,Rumi Hiiragi|Miyu Irino,Japanese,758429
382,Parasite,Thriller,2019,8.5,Bong Joon-ho,Song Kang-ho|Lee Sun-kyun,Korean,847392
383,Your Name,Romance,2016,8.4,Makoto Shinkai,Ryunosuke Kamiki|Mone Kamishiraishi,Japanese,256873
384,Train to Busan,Horror,2016,7.6,Yeon Sang-ho,Gong Yoo|Jung Yu-mi,Korean,198573
385,Princess Mononoke,Fantasy,1997,8.4,Hayao Miyazaki,Yoji Matsuda|Yuriko Ishida,Japanese,392847
386,Akira,Sci-Fi,1988,8,Katsuhiro Otomo,Mitsuo Iwata|Nozomu Sasaki,Japanese,187394
387,Oldboy,Thriller,2003,8.4,Park Chan-wook,Choi Min-sik|Yu Ji-tae,Korean,573829
388,Demon Slayer: Mugen Train,Action,2020,8.7,Haruo Sotozaki,Natsuki Hanae|Satomi Sato,Japanese,89472
389,Grave of the Fireflies,Drama,1988,8.5,Isao Takahata,Tsutomu Tatsumi|Ayano Shiraishi,Japanese,284759
390,The Handmaiden,Thriller,2016,8.1,Park Chan-wook,Kim Min-hee|Kim Tae-ri,Korean,159384
391,Attack on Titan,Action,2013,9,Tetsuro Araki,Hiroshi Kamiya|Marina Inoue,Japanese,467293
392,Howl's Moving Castle,Fantasy,2004,8.2,Hayao Miyazaki,Chieko Baisho|Takuya Kimura,Japanese,448372
393,Burning,Drama,2018,7.5,Lee Chang-dong,Yoo Ah-in|Steven Yeun,Korean,87426
394,My Neighbor Totoro,Family,1988,8.2,Hayao Miyazaki,Noriko Hidaka|Chika Sakamoto,Japanese,347592
395,Memories of Murder,Crime,2003,8.1,Bong Joon-ho,Song Kang-ho|Kim Sang-kyung,Korean,214758
396,One Piece,Adventure,1999,9.1,Eiichiro Oda,Mayumi Tanaka|Akemi Okamura,Japanese,523847
397,Castle in the Sky,Adventure,1986,8,Hayao Miyazaki,Mayumi Tanaka|Keiko Yokozawa,Japanese,189375
398,The Wailing,Horror,2016,7.4,Na Hong-jin,Kwak Do-won|Hwang Jung-min,Korean,124586
399,Naruto,Action,2002,8.7,Hayato Date,Junko Takeuchi|Noriaki Sugiyama,Japanese,389472
400,Perfect Blue,Thriller,1997,8,Satoshi Kon,Junko Iwao|Rica Matsumoto,Japanese,93847
401,Shoplifters,Drama,2018,7.9,Hirokazu Kore-eda,Lily Franky|Sakura Ando,Japanese,145729
402,Death Note,Thriller,2006,9,Tetsuro Araki,Mamoru Miyano|Kappei Yamaguchi,Japanese,456839
403,In the Mood for Love,Romance,2000,8.1,Wong Kar-wai,Tony Leung|Maggie Cheung,Cantonese,178493
404,Dragon Ball Z,Action,1989,8.8,Daisuke Nishio,Masako Nozawa|Ryo Horikawa,Japanese,534628
405,Chungking Express,Romance,1994,8,Wong Kar-wai,Tony Leung|Faye Wong,Cantonese,124857
406,Fullmetal Alchemist: Brotherhood,Adventure,2009,9.1,Yasuhiro Irie,Romi Park|Rie Kugimiya,Japanese,789264
407,The Host,Horror,2006,7.5,Bong Joon-ho,Song Kang-ho|Byun Hee-bong,Korean,245738
408,Tokyo Story,Drama,1953,8.2,Yasujiro Ozu,Chishu Ryu|Chieko Higashiyama,Japanese,67392
409,Hunter x Hunter,Adventure,2011,9,Hiroshi Kojina,Megumi Han|Keiji Fujiwara,Japanese,412857
410,Ghost in the Shell,Sci-Fi,1995,8,Mamoru Oshii,Atsuko Tanaka|Koichi Yamadera,Japanese,156743
411,The Man from Nowhere,Action,2010,7.8,Lee Jeong-beom,Won Bin|Kim Sae-ron,Korean,195847
412,Cowboy Bebop,Space Western,1998,8.8,Shinichiro Watanabe,Koichi Yamadera|Norio Wakamoto,Japanese,367249
413,Minari,Drama,2020,7.4,Lee Isaac Chung,Steven Yeun|Han Ye-ri,Korean,189573
414,Studio Ghibli Collection,Fantasy,1985,8.9,Hayao Miyazaki,Various Cast,Japanese,1247583
415,The Yellow Sea,Thriller,2010,7.3,Na Hong-jin,Ha Jung-woo|Kim Yoon-seok,Korean,67493
416,Monster,Thriller,2004,9,Masayuki Kojima,Mamoru Miyano|Hidenobu Kiuchi,Japanese,289374
417,Battle Royale,Thriller,2000,7.6,Kinji Fukasaku,Tatsuya Fujiwara|Aki Maeda,Japanese,187593
418,Neon Genesis Evangelion,Mecha,1995,8.5,Hideaki Anno,Kotono Mitsuishi|Megumi Ogata,Japanese,245738
419,The Chaser,Thriller,2008,7.8,Na Hong-jin,Kim Yoon-seok|Ha Jung-woo,Korean,134756
420,My Hero Academia,Superhero,2016,8.6,Kenji Nagasaki,Daiki Yamashita|Nobuhiko Okamoto,Japanese,298473
421,Harakiri,Drama,1962,8.7,Masaki Kobayashi,Tatsuya Nakadai|Akira Ishihama,Japanese,87394
422,Seven Samurai,Action,1954,8.6,Akira Kurosawa,Toshiro Mifune|Takashi Shimura,Japanese,345782
423,Mob Psycho 100,Comedy,2016,8.8,Yuzuru Tachikawa,Setsuo Itoh|Akio Otsuka,Japanese,167394
424,I Saw the Devil,Thriller,2010,7.8,Kim Jee-woon,Lee Byung-hun|Choi Min-sik,Korean,156729
425,Jujutsu Kaisen,Supernatural,2020,8.6,Sunghoo Park,Junya Enoki|Yuma Uchida,Japanese,234758
426,Rashomon,Drama,1950,8.2,Akira Kurosawa,Toshiro Mifune|Machiko Kyo,Japanese,178493
427,Okja,Adventure,2017,7.3,Bong Joon-ho,Tilda Swinton|Paul Dano,Korean,189374
428,One Punch Man,Comedy,2015,8.8,Shingo Natsume,Makoto Furukawa|Yuki Kaji,Japanese,387492
429,The Housemaid,Thriller,1960,8.2,Kim Ki-young,Lee Eun-shim|Ju Jeung-nyeo,Korean,45729
430,Violet Evergarden,Drama,2018,8.5,Taichi Ishidate,Yui Ishikawa|Daisuke Namikawa,Japanese,123847
431,Throne of Blood,Drama,1957,8.1,Akira Kurosawa,Toshiro Mifune|Isuzu Yamada,Japanese,78394
433,Code Geass,Mecha,2006,8.9,Goro Taniguchi,Jun Fukuyama|Yukana,Japanese,456738
434,The Housemaid,Thriller,2010,6.4,Im Sang-soo,Jeon Do-yeon|Lee Jung-jae,Korean,34759
435,Steins;Gate,Sci-Fi,2011,9,Hiroshi Hamasaki,Mamoru Miyano|Asami Imai,Japanese,289473
436,Ikiru,Drama,1952,8.3,Akira Kurosawa,Takashi Shimura|Nobuo Kaneko,Japanese,89374
437,The Good the bad the weird,Western,2008,7.2,Kim Jee-woon,Song Kang-ho|Lee Byung-hun,Korean,90568
438,JoJo's Bizarre Adventure,Adventure,2012,8.7,Naokatsu Tsuda,Daisuke Ono|Takahiro Sakurai,Japanese,234758
439,Ugetsu,Drama,1953,8.1,Kenji Mizoguchi,Masayuki Mori|Machiko Kyo,Japanese,34758
440,The Villainess,Action,2017,6.6,Jung Byung-gil,Kim Ok-bin|Shin Ha-kyun,Korean,67394
441,Bleach,Supernatural,2004,8.2,Noriyuki Abe,Masakazu Morita|Fumiko Orikasa,Japanese,345728
442,High and Low,Crime,1963,8.4,Akira Kurosawa,Toshiro Mifune|Tatsuya Nakadai,Japanese,67394
443,Decision to Leave,Romance,2022,7.3,Park Chan-wook,Tang Wei|Park Hae-il,Korean,89374
444,Tokyo Ghoul,Horror,2014,8,Shuhei Morita,Natsuki Hanae|Kana Hanazawa,Japanese,198473
445,Woman in the Dunes,Drama,1964,8.5,Hiroshi Teshigahara,Eiji Okada|Kyoko Kishida,Japanese,45729
446,Handmaiden,Thriller,2016,8.1,Park Chan-wook,Kim Min-hee|Kim Tae-ri,Korean,159384
447,Fairy Tail,Fantasy,2009,7.9,Shinji Ishihira,Tetsuya Kakihara|Aya Hirano,Japanese,167394
448,Sansho the Bailiff,Drama,1954,8.4,Kenji Mizoguchi,Kinuyo Tanaka|Yoshiaki Hanayagi,Japanese,23847
449,Squid Game,Thriller,2021,8,Hwang Dong-hyuk,Lee Jung-jae|Park Hae-soo,Korean,567384
450,Haikyu!!,Sports,2014,8.8,Susumu Mitsunaka,Ayumu Murase|Kaito Ishikawa,Japanese,298473
451,Late Spring,Drama,1949,8.3,Yasujiro Ozu,Chishu Ryu|Setsuko Hara,Japanese,34758
452,Kingdom,Horror,2019,7.4,Kim Seong-hun,Ju Ji-hoon|Bae Doona,Korean,189374
453,Black Clover,Fantasy,2017,8.2,Tatsuya Yoshihara,Gakuto Kajiwara|Nobunaga Shimazaki,Japanese,145729
454,Floating Weeds,Drama,1959,7.8,Yasujiro Ozu,Ganjiro Nakamura|Machiko Kyo,Japanese,23847
455,Sweet Home,Horror,2020,7.3,Lee Eung-bok,Song Kang|Lee Jin-uk,Korean,234758
456,Food Wars!,Comedy,2015,8.1,Yoshitomo Yonetani,Takahiro Sakurai|Risa Taneda,Japanese,189374
457,The Face of Another,Sci-Fi,1966,8,Hiroshi Teshigahara,Tatsuya Nakadai|Machiko Kyo,Japanese,18394
458,Signal,Crime,2016,8.9,Kim Won-seok,Lee Je-hoon|Kim Hye-soo,Korean,156729
459,Dr. Stone,Sci-Fi,2019,8.4,Shinya Iino,Yusuke Kobayashi|Manami Numakura,Japanese,123847
460,Onibaba,Horror,1964,7.8,Kaneto Shindo,Nobuko Otowa|Jitsuko Yoshimura,Japanese,34758
461,Reply 1988,Romance,2015,9,Shin Won-ho,Lee Hye-ri|Park Bo-gum,Korean,89374
462,Demon Slayer,Action,2019,8.7,Haruo Sotozaki,Natsuki Hanae|Satomi Sato,Japanese,456738
463,Kwaidan,Horror,1964,8,Masaki Kobayashi,Rentaro Mikuni|Michiyo Aratama,Japanese,23847
464,Hotel del Luna,Fantasy,2019,8.1,Oh Choong-hwan,IU|Yeo Jin-goo,Korean,145729
465,Fire Force,Action,2019,7.7,Yuki Yase,Gakuto Kajiwara|Saeko Kamijou,Japanese,89374
466,Tampopo,Comedy,1985,8,Juzo Itami,Tsutomu Yamazaki|Nobuko Miyamoto,Japanese,67394
467,Goblin,Romance,2016,8.6,Lee Eung-bok,Gong Yoo|Kim Go-eun,Korean,234758
468,Vinland Saga,Historical,2019,8.8,Shuhei Yabuta,Yuto Uemura|Shunsuke Takeuchi,Japanese,167394
469,An Autumn Afternoon,Drama,1962,8.1,Yasujiro Ozu,Chishu Ryu|Shima Iwashita,Japanese,23847
470,Mr. Sunshine,Historical,2018,8.7,Lee Eung-bok,Lee Byung-hun|Kim Tae-ri,Korean,145729
471,Made in Abyss,Adventure,2017,8.7,Masayuki Kojima,Miyu Tomita|Mariya Ise,Japanese,89374
472,Closely Watched Trains,Comedy,1966,7.7,Jiri Menzel,Vaclav Neckar|Jitka Bendova,Czech,34758
473,Descendants of the Sun,Romance,2016,8.2,Lee Eung-bok,Song Joong-ki|Song Hye-kyo,Korean,189374
474,Promised Neverland,Thriller,2019,8.5,Mamoru Kanbe,Sumire Morohoshi|Mariya Ise,Japanese,145729
475,Double Suicide,Drama,1969,7.7,Masahiro Shinoda,Kichiemon Nakamura II|Shima Iwashita,Japanese,12847
476,Crash Landing on You,Romance,2019,8.7,Lee Jeong-hyo,Hyun Bin|Son Ye-jin,Korean,298473
477,Overlord,Fantasy,2015,7.9,Naoyuki Itou,Satoshi Hino|Yumi Hara,Japanese,123847
478,The Pornographers,Drama,1966,7.3,Shohei Imamura,Shoichi Ozawa|Sumiko Sakamoto,Japanese,8394
479,It's Okay to Not Be Okay,Romance,2020,8.4,Park Shin-woo,Kim Soo-hyun|Seo Ye-ji,Korean,156729
480,Konosuba,Comedy,2016,8.1,Takaomi Kanasaki,Jun Fukushima|Sora Amamiya,Japanese,167394
481,Funeral Parade of Roses,Drama,1969,7.8,Toshio Matsumoto,Pita|Osamu Ogasawara,Japanese,8394
482,Sky Castle,Drama,2018,8.5,Jo Hyun-tak,Yum Jung-ah|Lee Tae-ran,Korean,89374
483,Re:Zero,Fantasy,2016,8.1,Masaharu Watanabe,Yusuke Kobayashi|Rie Takahashi,Japanese,234758
484,Throw Away Your Books  Rally in the Streets,Drama,1971,7.1,Shuji Terayama,Sasaki Hideaki|Masako Ono,Japanese,89635
485,Prison Playbook,Drama,2017,8.4,Shin Won-ho,Park Hae-soo|Jung Kyung-ho,Korean,67394
486,That Time I Got Reincarnated as a Slime,Fantasy,2018,8.1,Yasuhito Kikuchi,Miho Okasaki|Makoto Furukawa,Japanese,145729
487,House,Horror,1977,7.4,Nobuhiko Obayashi,Kimiko Ikegami|Miki Jinbo,Japanese,34758
488,My Mister,Drama,2018,9,Kim Won-seok,Lee Sun-kyun|IU,Korean,89374
489,Saga of Tanya the Evil,Military,2017,7.8,Yutaka Uemura,Aoi Yuki|Saori Hayami,Japanese,67394
490,Cruel Story of Youth,Drama,1960,7,Nagisa Oshima,Yusuke Kawazu|Miyuki Kuwano,Japanese,8394
491,Romance is a Bonus Book,Romance,2019,7.5,Lee Jeong-hyo,Lee Na-young|Lee Jong-suk,Korean,89374
494,The King: Eternal Monarch,Fantasy,2020,7.1,Baek Sang-hoon,Lee Min-ho|Kim Go-eun,Korean,156729
495,No Game No Life,Comedy,2014,8.2,Atsuko Ishizuka,Scott Gibbs|Ai Kayano,Japanese,189374
496,Night and Fog in Japan,Drama,1960,6.9,Nagisa Oshima,Miyuki Kuwano|Fumio Watanabe,Japanese,4758
497,Start-Up,Romance,2020,7.5,Oh Choong-hwan,Bae Suzy|Nam Joo-hyuk,Korean,134758
498,The Rising of the Shield Hero,Fantasy,2019,7.9,Takao Abo,Kaito Ishikawa|Asami Seto,Japanese,123847
499,Intentions of Murder,Drama,1964,7.7,Shohei Imamura,Masumi Harukawa|Ko Nishimura,Japanese,8394
500,What's Wrong with Secretary Kim,Romance,2018,8,Park Joon-hwa,Park Seo-joon|Park Min-young,Korean,189374
501,Classroom of the Elite,Psychological,2017,7.5,Seiji Kishi,Shoya Chiba|Akari Kito,Japanese,89374
502,The Ceremony,Drama,1971,7.4,Nagisa Oshima,Kenzo Kawarasaki|Atsuko Kaku,Japanese,4758
503,Boys Over Flowers,Romance,2009,7.7,Jeon Ki-sang,Lee Min-ho|Goo Hye-sun,Korean,234758
504,Danmachi,Fantasy,2015,7.5,Yoshiki Yamakawa,Matsuoka Yoshitsugu|Inori Minase,Japanese,145729
505,Death by Hanging,Drama,1968,7.6,Nagisa Oshima,Do-yun Yu|Fumio Watanabe,Japanese,8394
506,Strong Woman Do Bong Soon,Romance,2017,8.2,Lee Hyung-min,Park Bo-young|Park Hyung-sik,Korean,156729
507,Quintessential Quintuplets,Romance,2019,7.6,Satoshi Kuwabara,Matsuoka Yoshitsugu|Kana Hanazawa,Japanese,89374
508,Boy,Drama,1969,7.8,Nagisa Oshima,Tetsuo Abe|Akiko Koyama,Japanese,4758
509,Coffee Prince,Romance,2007,8.2,Lee Yoon-jung,Gong Yoo|Yoon Eun-hye,Korean,134758
511,The Sun's Burial,Drama,1960,7,Nagisa Oshima,Kayoko Honoo|Isao Sasaki,Japanese,4758
512,Healer,Action,2014,8.4,Lee Jeong-sub,Ji Chang-wook|Park Min-young,Korean,89374
513,Goblin Slayer,Fantasy,2018,7.4,Takaharu Ozaki,Yuki Kaji|Yui Ogura,Japanese,123847
514,Violence at Noon,Drama,1966,7,Nagisa Oshima,Saeda Kawaguchi|Akiko Koyama,Japanese,4758
515,Secret Garden,Romance,2010,8.2,Shin Woo-cheol,Hyun Bin|Ha Ji-won,Korean,189374
516,Arifureta,Fantasy,2019,6.4,Kinji Yoshimoto,Toshinari Fukamachi|Yuki Kuwahara,Japanese,67394
517,The Catch,Drama,1961,7.1,Nagisa Oshima,Rentaro Mikuni|Sachiko Hidari,Japanese,4758
518,The Empress,Romance,2011,7.8,Jang Tae-yoo,Jang Nara|Choi Jin-hyuk,Korean,89374
520,Pleasures of the Flesh,Drama,1965,7,Nagisa Oshima,Katsuo Nakamura|Mariko Kaga,Japanese,4758
521,City Hunter,Romance,2011,7.4,Jin Hyuk,Lee Min-ho|Park Min-young,Korean,134758
522,Is It Wrong to Try to Pick Up Girls in a Dungeon?,Fantasy,2015,7.5,Yoshiki Yamakawa,Matsuoka Yoshitsugu|Inori Minase,Japanese,145729
523,A Treatise on Japanese Bawdy Song,Drama,1967,6.8,Nagisa Oshima,Ichiro Sugai|Sumiko Sakamoto,Japanese,2394
524,You're Beautiful,Romance,2009,7.9,Hong Seong-chang,Jang Keun-suk|Park Shin-hye,Korean,156729
525,Cautious Hero,Comedy,2019,7.2,Masayuki Sakoi,Jun Fukushima|Aki Toyosaki,Japanese,89374
526,Sing a Song of Sex,Drama,1967,6.4,Nagisa Oshima,Ichiro Araki|Hideko Yoshida,Japanese,2394
527,Full House,Romance,2004,7.5,Pyo Min-soo,Rain|Song Hye-kyo,Korean,189374
529,Japanese Summer: Double Suicide,Drama,1967,6.9,Nagisa Oshima,Keiko Sakurai|Shunsuke Mizoguchi,Japanese,2394
530,Winter Sonata,Romance,2002,8.1,Yoon Seok-ho,Bae Yong-joon|Choi Ji-woo,Korean,234758
531,Kemono Friends,Adventure,2017,6.8,Tatsuki,Aya Uchida|Yuka Ozaki,Japanese,34758
532,Ninja Bugei-cho,Drama,1967,6.7,Nagisa Oshima,Juro Kara|Rokkoh Toura,Japanese,2394
533,Spring Waltz,Romance,2006,7.3,Yoon Seok-ho,Seo Do-young|Han Hyo-joo,Korean,89374
534,School Days,Drama,2007,5.5,Keitaro Motonaga,Daisuke Hirakawa|Shiho Kawaragi,Japanese,67394
535,Band of Ninja,Action,1967,6.5,Nagisa Oshima,Juro Kara|Fumio Watanabe,Japanese,2394
536,Autumn in My Heart,Romance,2000,7.9,Yoon Seok-ho,Song Seung-heon|Song Hye-kyo,Korean,156729
537,Trinity Seven,Harem,2014,6.9,Hiroshi Nishikiori,Matsuoka Yoshitsugu|Yumi Hara,Japanese,89374
538,Three Resurrected Drunkards,Comedy,1968,6.9,Nagisa Oshima,Kazuhiko Kato|Osamu Kitayama,Japanese,2394
539,Playful Kiss,Romance,2010,6.9,Hwang In-roi,Kim Hyun-joong|Jung So-min,Korean,134758
540,High School DxD,Harem,2012,7.3,Tetsuya Yanagisawa,Yuki Kaji|Yoko Hikasa,Japanese,156729
541,Diary of a Yunbogi Boy,Drama,1965,6.3,Nagisa Oshima,Isao Hashimoto|Akiko Koyama,Japanese,1394
542,Personal Taste,Romance,2010,7.7,Son Hyung-seok,Lee Min-ho|Son Ye-jin,Korean,89374
543,Monster Musume,Harem,2015,6.9,Tatsuya Yoshihara,Junji Majima|Sora Amamiya,Japanese,67394
544,The Man Who Left His Will on Film,Drama,1970,6.6,Nagisa Oshima,Kazuo Goto|Emiko Iwasaki,Japanese,1394
545,49 Days,Fantasy,2011,8,Jo Young-kwang,Lee Yo-won|Jo Hyun-jae,Korean,89374
546,Prison School,Comedy,2015,7.6,Tsutomu Mizushima,Hiroshi Kamiya|Katsuyuki Konishi,Japanese,123847
547,Summer Soldiers,Drama,1972,6.4,Nagisa Oshima,Keith Sykes|Lee Reisen,Japanese,1394
548,Secret Love Affair,Romance,2014,8.2,Ahn Pan-seok,Kim Hee-ae|Yoo Ah-in,Korean,67394
549,Shimoneta,Comedy,2015,7.2,Youhei Suzuki,Shintaro Asanuma|Sumire Uesaka,Japanese,89374
551,My Love from the Star,Fantasy,2013,8.2,Jang Tae-yoo,Jun Ji-hyun|Kim Soo-hyun,Korean,234758
553,Empire of Passion,Drama,1978,7,Nagisa Oshima,Tatsuya Fuji|Kazuko Yoshiyuki,Japanese,8394
554,The Heirs,Romance,2013,7.5,Kang Shin-hyo,Lee Min-ho|Park Shin-hye,Korean,189374
555,Nisekoi,Romance,2014,7.3,Akiyuki Shinbo,Koki Uchiyama|Nao Toyama,Japanese,123847
556,In the Realm of the Senses,Drama,1976,6.6,Nagisa Oshima,Tatsuya Fuji|Eiko Matsuda,Japanese,34758
557,School 2013,Drama,2012,8.2,Lee Min-hong,Jang Nara|Choi Daniel,Korean,89374
558,To Love-Ru,Harem,2008,7.1,Takao Kato,Haruka Tomatsu|Sayuri Yahagi,Japanese,89374
559,Max Mon Amour,Drama,1986,5.8,Nagisa Oshima,Charlotte Rampling|Anthony Higgins,French,8394
560,Reply 1997,Romance,2012,8.5,Lee Yoon-jung,Jung Eun-ji|Seo In-guk,Korean,134758
561,Sekirei,Harem,2008,6.9,Keizo Kusakawa,Shinnosuke Tachibana|Saori Hayami,Japanese,67394
